{
    "LDA": [
        0.5808823529411764,
        0.5698529411764706,
        0.7158934347669822,
        0.7305993171199234,
        0.7416287288846293,
        0.7710404935905116,
        0.7673640230022762,
        0.7820699053552175,
        0.8398751048280819,
        0.8321253144842459,
        0.8384599257218163,
        0.8384599257218163,
        0.8525443273032227,
        0.8525443273032227,
        0.8525443273032227,
        0.8729633401221996,
        0.8729633401221996,
        0.8813346112375704,
        0.8776581406493351,
        0.8803162812986701
    ],
    "KNN 3": [
        0.8603465316880317,
        0.890551994728645,
        0.9246585599616629,
        0.9083128668982868,
        0.909331196837187,
        0.9244339283574937,
        0.9223972684796934,
        0.9234155984185936,
        0.9234155984185936,
        0.9160626572421229,
        0.917080987181023,
        0.9134045165927878,
        0.9134045165927878,
        0.9060515754163172,
        0.9113678567149874,
        0.9113678567149874,
        0.9076913861267522,
        0.9097280460045525,
        0.905033245477417,
        0.9040149155385169
    ],
    "Logistic Regression": [
        0.8668533604887984,
        0.8789011021924045,
        0.9113678567149874,
        0.9103495267760872,
        0.9113678567149874,
        0.9113678567149874,
        0.9113678567149874,
        0.918720797891458,
        0.918720797891458,
        0.918720797891458,
        0.918720797891458,
        0.918720797891458,
        0.918720797891458,
        0.918720797891458,
        0.9223972684796934,
        0.9223972684796934,
        0.9223972684796934,
        0.9270920690068288,
        0.928110398945729,
        0.9244339283574937
    ],
    "Linear SVM": [
        0.8225110818258057,
        0.8372169641787469,
        0.8692868695339643,
        0.8756214807715347,
        0.8729633401221996,
        0.8719450101832994,
        0.87929795135977,
        0.8839927518869054,
        0.8803162812986701,
        0.8799194321313046,
        0.8756214807715347,
        0.8756214807715347,
        0.8756214807715347,
        0.8756214807715347,
        0.87929795135977,
        0.8809377620702048,
        0.8819560920091051,
        0.8819560920091051,
        0.8882907032466755,
        0.8950221636516114
    ],
    "Random Forest": [
        0.858085240206062,
        0.8876692224751408,
        0.9270920690068288,
        0.9207574577692583,
        0.9217757877081587,
        0.9260737390679287,
        0.9213789385407931,
        0.9160626572421229,
        0.9160626572421229,
        0.9234155984185936,
        0.9234155984185936,
        0.9307685395950641,
        0.9160626572421229,
        0.9197391278303582,
        0.9207574577692583,
        0.9234155984185936,
        0.9160626572421229,
        0.9223972684796934,
        0.9150443273032227,
        0.9270920690068288
    ]
}