{
    "LDA": [
        0.5535714285714286,
        0.5464285714285715,
        0.6989806320081549,
        0.7382663462938692,
        0.781123489151012,
        0.7775520605795835,
        0.7739806320081549,
        0.7739806320081549,
        0.8306174457550605,
        0.8295980777632154,
        0.8367409349060725,
        0.8367409349060725,
        0.8413317314693461,
        0.834188874326489,
        0.8377603028979176,
        0.859188874326489,
        0.859188874326489,
        0.8627603028979176,
        0.8520460171836319,
        0.8586755497305956
    ],
    "KNN 3": [
        0.8403269258773847,
        0.851547254987622,
        0.8928717052570263,
        0.8984745886122033,
        0.909188874326489,
        0.8954164846366681,
        0.9137796708897626,
        0.8979612640163099,
        0.9015326925877385,
        0.8964358526285132,
        0.8887796708897627,
        0.8943898354448814,
        0.8943898354448814,
        0.8979612640163099,
        0.8862276103101792,
        0.8862276103101792,
        0.8862276103101792,
        0.8775520605795835,
        0.881123489151012,
        0.881123489151012
    ],
    "Logistic Regression": [
        0.8459298092325616,
        0.863273627493811,
        0.8877603028979176,
        0.8877603028979176,
        0.8903123634775011,
        0.8831695063346439,
        0.8831695063346439,
        0.8867409349060725,
        0.8867409349060725,
        0.8857215669142275,
        0.8928644240570847,
        0.888273627493811,
        0.8847021989223824,
        0.8847021989223824,
        0.888273627493811,
        0.888273627493811,
        0.8857215669142275,
        0.8974552206203582,
        0.8994939566040484,
        0.8913317314693462
    ],
    "Linear SVM": [
        0.8204092034367263,
        0.8311234891510121,
        0.8525520605795834,
        0.8627603028979176,
        0.8704092034367263,
        0.8739806320081549,
        0.8739806320081549,
        0.8699031600407747,
        0.8699031600407747,
        0.8586828309305374,
        0.8714358526285132,
        0.8714358526285132,
        0.8714358526285132,
        0.8714358526285132,
        0.8678644240570846,
        0.8642929954856561,
        0.8678644240570846,
        0.8678644240570846,
        0.8775520605795835,
        0.8775520605795835
    ],
    "Random Forest": [
        0.8438837920489296,
        0.8617409349060725,
        0.9010266491917868,
        0.8887796708897627,
        0.8897990388816077,
        0.9056174457550604,
        0.8984745886122033,
        0.8949031600407747,
        0.8984745886122033,
        0.904084753167322,
        0.8974552206203582,
        0.9005133245958934,
        0.903065385175477,
        0.8877603028979176,
        0.8923510994611913,
        0.8923510994611913,
        0.8949031600407747,
        0.904084753167322,
        0.9005133245958934,
        0.8867409349060725
    ]
}