classifier,TSS,MAC,SSW,CSW,
LDA,0.8810572687224669,0.9405286343612335,0.762114537444934,1.0,
KNN,0.947136563876652,0.973568281938326,0.8942731277533039,1.0,
LR,0.9389005937559854,0.9694502968779928,0.9647577092511013,0.9130434782608695,
RFC,0.9823788546255506,0.9911894273127753,0.9647577092511013,1.0,
SVM,0.9647577092511013,0.9823788546255506,0.9295154185022027,1.0,
