classifier,TSS,MAC,SSW,CSW,
LDA,0.8183442103959958,0.909172105197998,0.6508728179551122,0.9858156028368794,
KNN,0.8255071541005642,0.9127535770502821,0.8354114713216958,0.8156028368794326,
LR,0.8216869174581278,0.9108434587290639,0.8703241895261845,0.7730496453900709,
RFC,0.8784245061106101,0.9392122530553051,0.8703241895261845,0.8865248226950354,
SVM,0.864788383650802,0.9323941918254011,0.800498753117207,0.9290780141843972,
