classifier,TSS,MAC,SSW,CSW,
LDA,0.8024022174314752,0.9012011087157377,0.9294117647058824,0.675392670157068,
KNN,0.8024022174314752,0.9012011087157377,0.9294117647058824,0.675392670157068,
LR,0.8639975361872497,0.9319987680936248,0.8117647058823529,0.9162303664921466,
RFC,0.8561133353865107,0.9280566676932553,0.8588235294117647,0.8534031413612565,
SVM,0.8848783492454573,0.9424391746227286,0.9058823529411765,0.8638743455497382,
