classifier,TSS,MAC,SSW,CSW,
LDA,0.6886944651278233,0.8443472325639116,0.7254901960784313,0.6518987341772152,
KNN,0.6558078927773641,0.827903946388682,0.6470588235294118,0.6645569620253164,
LR,0.7684288905435592,0.8842144452717795,0.7647058823529411,0.7721518987341772,
RFC,0.7640233308513279,0.882011665425664,0.6862745098039216,0.8417721518987342,
SVM,0.745035989079176,0.872517994539588,0.6862745098039216,0.8037974683544303,
