classifier,TSS,MAC,SSW,CSW,
LDA,0.7477108903175531,0.8738554451587766,0.5632183908045977,0.9322033898305084,
KNN,0.7573543736606273,0.8786771868303136,0.7011494252873564,0.8135593220338984,
LR,0.7806351061757256,0.8903175530878629,0.7816091954022989,0.7796610169491526,
RFC,0.7969998051821547,0.8984999025910774,0.7126436781609196,0.8813559322033898,
SVM,0.7222871615039939,0.8611435807519969,0.5632183908045977,0.8813559322033898,
