classifier,TSS,MAC,SSW,CSW,
LDA,0.7494924005105,0.87474620025525,0.8382352941176471,0.6607495069033531,
KNN,0.7934215106160807,0.8967107553080403,0.8235294117647058,0.7633136094674556,
LR,0.8264154774335769,0.9132077387167885,0.8382352941176471,0.814595660749507,
RFC,0.8343050237846618,0.9171525118923309,0.8382352941176471,0.8303747534516766,
SVM,0.8097372084928646,0.9048686042464322,0.8088235294117647,0.8106508875739645,
