,all,coincident,noncoincident
0,0.810932765646223,0.7164750957854406,0.6687449173217674
1,0.8112935022348877,0.6773015873015873,0.6910506137939048
