,all,coincident,noncoincident
0,0.8713235294117647,0.9942528735632183,0.7142857142857143
1,0.8681318681318682,0.9828571428571429,0.7346938775510204
