,all,coincident,noncoincident
0,0.8681318681318682,0.9235668789808917,0.8103448275862069
