,all,coincident,noncoincident
0,0.8761904761904762,0.96,0.782608695652174
