,name,tss_mean,tss_std,hours,dataset
0,LR,0.7342030296537877,0.03346758193460377,24,Original
1,LR,0.7249323525444172,0.03575131910666739,24,Interpolated
