,ABSNJZH,AREA_ACR,MEANGAM,MEANGBH,MEANGBT,MEANGBZ,MEANJZD,MEANJZH,MEANPOT,MEANSHR,R_VALUE,SAVNCPP,SHRGT45,TOTPOT,TOTUSJH,TOTUSJZ,USFLUX,d_l_f,g_s,slf
N,0.9749599188317098,0.9749599188317098,1.0,0.9749599188317098,1.0,1.0,0.9749599188317098,0.9749599188317098,0.9749599188317098,0.9749599188317098,1.0,0.9749599188317098,0.9749599188317098,0.9749599188317098,0.9749599188317098,1.0,0.9749599188317098,1.0,0.9749599188317098,1.0
B,0.9749599188317098,0.9749599188317098,0.9749599188317098,0.9749599188317098,0.9749599188317098,0.9749599188317098,0.9749599188317098,0.9749599188317098,0.9749599188317098,1.0,1.0,0.9749599188317098,0.9749599188317098,0.9749599188317098,0.9749599188317098,1.0,0.9749599188317098,1.0,1.0,1.0
C,0.9749599188317098,0.9749599188317098,0.9749599188317098,0.9749599188317098,0.9749599188317098,0.9749599188317098,0.9749599188317098,0.9749599188317098,0.9749599188317098,0.9749599188317098,0.9749599188317098,0.9749599188317098,0.9749599188317098,0.9749599188317098,0.9749599188317098,0.9749599188317098,0.9749599188317098,1.0,0.9749599188317098,0.9749599188317098
M,0.9749599188317098,1.0,0.9749599188317098,0.9749599188317098,1.0,0.9749599188317098,0.9749599188317098,0.9749599188317098,0.9749599188317098,0.9749599188317098,0.9749599188317098,0.9749599188317098,0.9749599188317098,0.9749599188317098,0.9749599188317098,1.0,0.9749599188317098,0.9749599188317098,1.0,0.9749599188317098
X,0.9749599188317098,0.9249783071207602,0.9749599188317098,0.8752911852109797,0.9749599188317098,0.9249783071207602,0.9249783071207602,0.9749599188317098,0.9749599188317098,0.9499321762217291,0.9249783071207602,0.9749599188317098,0.9749599188317098,0.9249783071207602,0.8752911852109797,0.9249783071207602,0.9249783071207602,0.9749599188317098,0.9249783071207602,0.8752911852109797
