,ABSNJZH,AREA_ACR,MEANGAM,MEANGBH,MEANGBT,MEANGBZ,MEANJZD,MEANJZH,MEANPOT,MEANSHR,R_VALUE,SAVNCPP,SHRGT45,TOTPOT,TOTUSJH,TOTUSJZ,USFLUX,d_l_f,g_s,slf
N,0.9749599188317098,0.9749599188317098,0.9749599188317098,0.9749599188317098,0.9749599188317098,0.9749599188317098,0.9749599188317098,0.9749599188317098,0.9749599188317098,0.9749599188317098,1.0,1.0,0.9749599188317098,0.9749599188317098,0.9749599188317098,1.0,0.9749599188317098,1.0,1.0,1.0
B,0.9749599188317098,0.9749599188317098,0.9749599188317098,0.9749599188317098,0.9749599188317098,1.0,0.9749599188317098,0.9749599188317098,0.9749599188317098,1.0,1.0,0.9749599188317098,0.9749599188317098,1.0,0.9749599188317098,1.0,1.0,1.0,1.0,1.0
C,0.9749599188317098,0.9749599188317098,0.9749599188317098,0.9749599188317098,0.9749599188317098,0.9749599188317098,0.9749599188317098,0.9749599188317098,1.0,0.9749599188317098,0.9749599188317098,0.9749599188317098,0.9749599188317098,0.9749599188317098,0.9749599188317098,1.0,0.9749599188317098,1.0,1.0,1.0
M,0.9749599188317098,0.9749599188317098,0.9749599188317098,0.9749599188317098,1.0,1.0,0.9749599188317098,0.9749599188317098,0.9749599188317098,1.0,1.0,0.9749599188317098,0.9749599188317098,1.0,0.9749599188317098,1.0,0.9749599188317098,0.9749599188317098,0.9749599188317098,1.0
X,0.9749599188317098,0.9749599188317098,0.9749599188317098,0.9749599188317098,0.9749599188317098,0.9749599188317098,0.9249783071207602,0.9249783071207602,0.9249783071207602,0.9749599188317098,0.9749599188317098,0.9249783071207602,0.5936182407945829,0.9249783071207602,0.9249783071207602,0.8260910288588201,0.9749599188317098,0.9749599188317098,0.7775646168566407,0.9249783071207602
