,all,coincident,noncoincident
0,0.8095238095238095,0.9235668789808917,0.7198275862068966
