,all,coincident,noncoincident
0,0.7850457677671501,0.9235668789808917,0.6892153413089374
