,all,coincident,noncoincident
0,0.8597385827601656,0.9235668789808917,0.7988725522515988
