,all,coincident,noncoincident
0,0.873015873015873,0.975,0.7130434782608696
