,all,coincident,noncoincident
0,0.819047619047619,0.713095238095238,0.6705264714581485
