,all,coincident,noncoincident
0,0.8734381826124945,0.96,0.7789985873489248
