classifier,TSS,MAC,SSW,CSW,
LDA,0.9178187403993856,0.9589093701996928,0.978494623655914,0.8571428571428571,
KNN,0.9321044546850998,0.9660522273425499,0.978494623655914,0.8857142857142857,
LR,0.9463901689708142,0.9731950844854071,0.978494623655914,0.9142857142857143,
RFC,0.9857142857142858,0.9928571428571429,1.0,0.9714285714285714,
SVM,0.9463901689708142,0.9731950844854071,0.978494623655914,0.9142857142857143,
