classifier,TSS,MAC,SSW,CSW,
LDA,0.6832955404383976,0.8416477702191988,0.9591836734693877,0.4074074074074074,
KNN,0.8417989417989418,0.9208994708994709,0.9428571428571428,0.7407407407407407,
LR,0.7985890652557319,0.899294532627866,0.9428571428571428,0.654320987654321,
RFC,1.0,1.0,1.0,1.0,
SVM,0.7409423028470647,0.8704711514235324,0.9510204081632653,0.5308641975308642,
