classifier,TSS,MAC,SSW,CSW,
LDA,0.8285714285714285,0.9142857142857144,1.0,0.6571428571428571,
KNN,0.9321044546850998,0.9660522273425499,0.978494623655914,0.8857142857142857,
LR,0.9428571428571428,0.9714285714285714,1.0,0.8857142857142857,
RFC,0.9714285714285714,0.9857142857142858,1.0,0.9428571428571428,
SVM,0.9428571428571428,0.9714285714285714,1.0,0.8857142857142857,
