classifier,TSS,MAC,SSW,CSW,
LDA,0.9130434782608696,0.9565217391304348,1.0,0.8260869565217391,
KNN,0.9565217391304348,0.9782608695652174,1.0,0.9130434782608695,
LR,0.9380032206119163,0.9690016103059582,0.9629629629629629,0.9130434782608695,
RFC,1.0,1.0,1.0,1.0,
SVM,0.9380032206119163,0.9690016103059582,0.9629629629629629,0.9130434782608695,
