parameter,f_score,f_score_norm
TOTUSJH,1387.591689668755,1.0
TOTUSJZ,1358.203057942256,0.9727264163202702
USFLUX,1142.7807211809234,0.7728076455921482
AREA_ACR,1051.6388102561475,0.6882250574175512
SAVNCPP,991.0123965826327,0.6319618199210055
TOTPOT,904.5541725856403,0.5517258419779891
ABSNJZH,847.2621630059747,0.4985570373874039
R_VALUE,814.359200140048,0.46802204278859955
MEANPOT,613.2848785479608,0.2814186858571535
SHRGT45,310.04236312605275,0.0
