parameter,f_score,f_score_norm
TOTUSJH,476.78995257284805,1.0
TOTUSJZ,466.17314836614145,0.9646348406030152
MEANPOT,409.1497251479043,0.7746866780287476
AREA_ACR,366.28523118841906,0.631902688436975
SAVNCPP,352.2272589332252,0.585074808792245
USFLUX,327.9103528361785,0.504073855640983
TOTPOT,287.89536062033955,0.3707817132570902
ABSNJZH,281.85611715911716,0.3506646607538134
R_VALUE,273.52041183083924,0.3228979673231648
SHRGT45,176.58476792968725,0.0
