parameter,f_score,f_score_norm
TOTUSJZ,596.785497727762,1.0
USFLUX,574.4336638075952,0.9588608676123058
TOTUSJH,569.0433889483029,0.9489399263671934
AREA_ACR,548.6361057858276,0.9113797902865131
TOTPOT,391.3975999260661,0.6219782256492763
SAVNCPP,320.1097201017567,0.4907710264456234
ABSNJZH,301.9777678044453,0.4573986960735087
R_VALUE,261.2476146843325,0.3824337886138318
MEANPOT,80.9301501427307,0.05055479953019565
SHRGT45,53.4625683688313,0.0
