,singular,multiple
lda,0.8757905108835209,0.6784883016938662
linear_svm,0.896828998835508,0.6230306618052659
