,singular,multiple
lda,0.8785942492012779,0.7725321888412017
linear_svm,0.8977635782747604,0.7296137339055794
