{
    "LDA": [
        0.5824915824915825,
        0.5824915824915825,
        0.7195836107010891,
        0.7566206477381262,
        0.81049270161018,
        0.7869236780411565,
        0.7970246881421666,
        0.7970246881421666,
        0.819638601873559,
        0.8134062689936616,
        0.8235072790946717,
        0.8235072790946717,
        0.8422525156049512,
        0.8422525156049512,
        0.8422525156049512,
        0.8710987622162407,
        0.8710987622162407,
        0.8701436523786095,
        0.8744657655832441,
        0.8710987622162407
    ],
    "KNN 3": [
        0.8438057750378667,
        0.8701918902491969,
        0.9086374731073871,
        0.8995398107145958,
        0.9024051402274897,
        0.9014500303898585,
        0.9038619239192305,
        0.9043153599027525,
        0.9043153599027525,
        0.9095925829450184,
        0.9095925829450184,
        0.9095925829450184,
        0.9095925829450184,
        0.9071806894156464,
        0.9144163700037626,
        0.9043153599027525,
        0.9052704697403837,
        0.8879820169218451,
        0.885570123392473,
        0.8898922365971077
    ],
    "Logistic Regression": [
        0.861045989985818,
        0.8740123295997222,
        0.8975813531687458,
        0.8975813531687458,
        0.9105476927826498,
        0.9071806894156464,
        0.9172816995166566,
        0.9153714798413939,
        0.9153714798413939,
        0.9153714798413939,
        0.9153714798413939,
        0.9153714798413939,
        0.9153714798413939,
        0.9153714798413939,
        0.9187384832083972,
        0.9172816995166566,
        0.9172816995166566,
        0.9172816995166566,
        0.9139146961496531,
        0.9139146961496531
    ],
    "Linear SVM": [
        0.8138597049771834,
        0.8239607150781936,
        0.8710987622162407,
        0.8744657655832441,
        0.8744657655832441,
        0.8778327689502474,
        0.8744657655832441,
        0.8778327689502474,
        0.8778327689502474,
        0.8759225492749848,
        0.8725555459079815,
        0.8725555459079815,
        0.8725555459079815,
        0.8725555459079815,
        0.8759225492749848,
        0.8759225492749848,
        0.8759225492749848,
        0.8860235593759949,
        0.8778327689502474,
        0.8778327689502474
    ],
    "Random Forest": [
        0.8413456436379072,
        0.8721021099244595,
        0.9139146961496531,
        0.9100942567991279,
        0.9120044764743904,
        0.9120044764743904,
        0.9172816995166566,
        0.9196935930460286,
        0.9153714798413939,
        0.9163265896790252,
        0.917783373370766,
        0.9153714798413939,
        0.9172816995166566,
        0.9153714798413939,
        0.9153714798413939,
        0.9095925829450184,
        0.898536463006377,
        0.923060596413032,
        0.9028585762110117,
        0.917783373370766
    ]
}