,chisq_stat,p_value,reject_95_conf
TOTUSJH,15.411164879621044,0.003920179010897123,True
USFLUX,10.584398150091898,0.031654072966075905,True
TOTUSJZ,15.439283199850998,0.003871692752699615,True
R_VALUE,6.063823398480472,0.19443233495760565,False
TOTPOT,inf,0.0,True
AREA_ACR,4.370894789099833,0.3581316416218241,False
SAVNCPP,7.760490527010239,0.10075637688765963,False
ABSNJZH,inf,0.0,True
MEANPOT,0.3219728640929452,0.9883519540865531,False
SHRGT45,2.752862986032817,0.5999964723503963,False
