,chisq_stat,p_value,reject_95_conf
TOTUSJH,2.3967736652428266,0.6632103964308764,True
USFLUX,6.376821813575161,0.17271896186301344,True
TOTUSJZ,1.2815615823710425,0.8644960262482119,True
R_VALUE,11.09648238952288,0.025500819220085097,True
TOTPOT,inf,0.0,True
AREA_ACR,0.34168435805900604,0.9869667993839422,False
SAVNCPP,,,False
ABSNJZH,0.4248805196779142,0.9803896469022269,False
MEANPOT,,,False
SHRGT45,2.4523999166305255,0.6531791220517266,True
